{"IcoMoonType":"selection","icons":[{"icon":{"paths":["M721.143 744.571c-20.571 3.429-41.714 5.143-62.857 5.143-212 0-384-172-384-384 0-72.571 21.143-143.429 59.429-204-152 45.143-260.571 184.571-260.571 350.286 0 201.714 164 365.714 365.714 365.714 110.286 0 213.714-50.286 282.286-133.143zM837.143 696c-71.429 154.857-228 254.857-398.286 254.857-241.714 0-438.857-197.143-438.857-438.857 0-237.143 185.714-429.714 422.286-438.286 16-0.571 29.143 8.571 34.857 22.286 6.286 14.286 2.286 30.857-8.571 41.143-65.143 59.429-101.143 140.571-101.143 228.571 0 171.429 139.429 310.857 310.857 310.857 45.143 0 88.571-9.714 130.286-29.143 14.286-6.286 30.286-3.429 41.143 7.429s13.714 27.429 7.429 41.143z"],"width":843.4102857142857,"attrs":[],"isMulticolor":false,"isMulticolor2":false,"tags":["moon-o"],"defaultCode":61830,"grid":14},"attrs":[],"properties":{"name":"moon-o","id":352,"order":2,"prevSize":28,"code":61830},"setIdx":0,"setId":6,"iconIdx":352},{"icon":{"paths":["M810 274l-238 238 238 238-60 60-238-238-238 238-60-60 238-238-238-238 60-60 238 238 238-238z"],"attrs":[],"isMulticolor":false,"isMulticolor2":false,"tags":["clear","close"],"grid":24},"attrs":[],"properties":{"ligatures":"clear, close","id":153,"order":4,"prevSize":24,"code":59648,"name":"clear"},"setIdx":1,"setId":5,"iconIdx":153},{"icon":{"paths":["M0 153.6h1024v102.4h-1024v-102.4zM0 460.8h1024v102.4h-1024v-102.4zM0 768h1024v102.4h-1024v-102.4z"],"attrs":[],"isMulticolor":false,"isMulticolor2":false,"tags":["menu"],"grid":20},"attrs":[],"properties":{"id":176,"order":3,"prevSize":20,"code":59649,"name":"menu"},"setIdx":4,"setId":2,"iconIdx":175}],"height":1024,"metadata":{"name":"icomoon"},"preferences":{"showGlyphs":true,"showQuickUse":true,"showQuickUse2":true,"showSVGs":true,"fontPref":{"prefix":"icon-","metadata":{"fontFamily":"icomoon"},"metrics":{"emSize":1024,"baseline":6.25,"whitespace":50},"embed":false},"imagePref":{"prefix":"icon-","png":true,"useClassSelector":true,"color":0,"bgColor":16777215,"classSelector":".icon"},"historySize":50,"showCodes":true,"gridSize":16}}